{
  "roles": {
    "guest": {
      "name": "Guest User",
      "modules": [
        { "id": "dashboard", "label": "Dashboard", "icon": "HiViewBoards" }
      ]
    },
    "client": {
      "name": "Client",
      "modules": [
        { "id": "dashboard", "label": "Dashboard", "icon": "HiViewBoards" },
        { "id": "kanban", "label": "Kanban", "icon": "HiViewBoards" },
        { "id": "blog", "label": "Blog", "icon": "HiOutlineNewspaper" },
        { "id": "agent", "label": "AI Agent", "icon": "HiOutlineSparkles" },
        { "id": "reminders", "label": "Reminders", "icon": "HiOutlineBell" },
        { "id": "profile", "label": "Profile", "icon": "HiOutlineUserCircle" }
      ]
    },
    "admin": {
      "name": "Administrator",
      "modules": [
        { "id": "dashboard", "label": "Dashboard", "icon": "HiViewBoards" },
        { "id": "kanban", "label": "Kanban", "icon": "HiViewBoards" },
        { "id": "calendar", "label": "Calendar", "icon": "HiOutlineCalendar" },
        {
          "id": "blog",
          "label": "Blog Management",
          "icon": "HiOutlineNewspaper"
        },
        {
          "id": "alnajah",
          "label": "Al Najah Blog",
          "icon": "HiOutlineNewspaper"
        },
        {
          "id": "linktree",
          "label": "Linktree Editor",
          "icon": "HiOutlineLink"
        },
        { "id": "agent", "label": "AI Agent", "icon": "HiOutlineSparkles" },
        { "id": "reminders", "label": "Reminders", "icon": "HiOutlineBell" },
        { "id": "profile", "label": "Profile", "icon": "HiOutlineUserCircle" },
        {
          "id": "settings",
          "label": "Profile Settings",
          "icon": "HiOutlineCog"
        }
      ]
    },
    "superadmin": {
      "name": "Super Administrator",
      "modules": [
        { "id": "dashboard", "label": "Dashboard", "icon": "HiViewBoards" },
        { "id": "kanban", "label": "Kanban", "icon": "HiViewBoards" },
        { "id": "calendar", "label": "Calendar", "icon": "HiOutlineCalendar" },
        {
          "id": "blog",
          "label": "Blog Management",
          "icon": "HiOutlineNewspaper"
        },
        {
          "id": "alnajah",
          "label": "Al Najah Blog",
          "icon": "HiOutlineNewspaper"
        },
        {
          "id": "linktree",
          "label": "Linktree Editor",
          "icon": "HiOutlineLink"
        },
        { "id": "agent", "label": "AI Agent", "icon": "HiOutlineSparkles" },
        { "id": "ollama", "label": "Ollama AI", "icon": "HiOutlineCube" },
        { "id": "users", "label": "User Management", "icon": "HiOutlineUsers" },
        { "id": "reminders", "label": "Reminders", "icon": "HiOutlineBell" },
        { "id": "profile", "label": "Profile", "icon": "HiOutlineUserCircle" },
        {
          "id": "settings",
          "label": "Profile Settings",
          "icon": "HiOutlineCog"
        }
      ]
    }
  },
  "roleHierarchy": ["guest", "client", "admin", "superadmin"]
}
